anomaly_rank,na_index,isolation_forest_score,is_anomaly
1,33,-0.0954043425307816,True
2,0,-0.0798048024049751,True
3,45,-0.0233683699230201,True
4,36,-0.0190814055303162,True
5,40,-0.0036683799866894,True
