component,explained_variance_ratio
pc1,0.4382335791907822
pc2,0.3035371327386541
